username,password,login_pair
alice90thomas,secure6680,alice90thomas secure6680
linda590lee,78907345,linda590lee 78907345
charlie341wilson,letmein1746,charlie341wilson letmein1746
ryan978brown,pass9166,ryan978brown pass9166
john614wilson,letmein5523,john614wilson letmein5523
ryan178martin,secure9216,ryan178martin secure9216
michael594jackson,pass4821,michael594jackson pass4821
charlie897taylor,password5144,charlie897taylor password5144
john933brown,123896,john933brown 123896
david99anderson,1234677,david99anderson 1234677
michael644anderson,password2125,michael644anderson password2125
michael840lee,qwerty4624,michael840lee qwerty4624
bob5wilson,letmein4646,bob5wilson letmein4646
ryan68doe,abc5132,ryan68doe abc5132
jane273wilson,12314,jane273wilson 12314
bob498smith,78904279,bob498smith 78904279
jane968anderson,letmein2360,jane968anderson letmein2360
ryan412thomas,12346816,ryan412thomas 12346816
linda479taylor,password7203,linda479taylor password7203
linda518lee,12347108,linda518lee 12347108
michael35thomas,pass1923,michael35thomas pass1923
jane968thomas,12343444,jane968thomas 12343444
alice555brown,abc681,alice555brown abc681
bob967smith,secure2214,bob967smith secure2214
bob695brown,admin5381,bob695brown admin5381
david746brown,secure6877,david746brown secure6877
charlie124anderson,letmein7803,charlie124anderson letmein7803
john407anderson,letmein391,john407anderson letmein391
michael377martin,abc5448,michael377martin abc5448
bob254wilson,admin4373,bob254wilson admin4373
david985brown,password8793,david985brown password8793
alice291doe,78908903,alice291doe 78908903
alice562taylor,1232317,alice562taylor 1232317
jane872doe,admin3465,jane872doe admin3465
michael431anderson,pass8168,michael431anderson pass8168
david627taylor,pass5932,david627taylor pass5932
charlie505anderson,admin4095,charlie505anderson admin4095
linda145anderson,78903935,linda145anderson 78903935
bob49smith,pass176,bob49smith pass176
linda284anderson,12343163,linda284anderson 12343163
john973thomas,abc9668,john973thomas abc9668
jane665taylor,78904041,jane665taylor 78904041
jane646thomas,letmein1578,jane646thomas letmein1578
linda221lee,78905531,linda221lee 78905531
emma813doe,letmein9829,emma813doe letmein9829
jane369doe,secure7595,jane369doe secure7595
ryan544martin,admin5287,ryan544martin admin5287
charlie120thomas,abc2771,charlie120thomas abc2771
ryan906martin,pass9815,ryan906martin pass9815
emma665martin,secure7005,emma665martin secure7005
alice652taylor,abc1204,alice652taylor abc1204
david976brown,1235654,david976brown 1235654
linda697jackson,12348427,linda697jackson 12348427
john921taylor,abc7515,john921taylor abc7515
john13brown,78908211,john13brown 78908211
david686taylor,pass2033,david686taylor pass2033
alice835wilson,qwerty5641,alice835wilson qwerty5641
michael23anderson,1233775,michael23anderson 1233775
john532smith,secure1214,john532smith secure1214
emma134taylor,password9787,emma134taylor password9787
linda131taylor,pass453,linda131taylor pass453
bob346doe,letmein8537,bob346doe letmein8537
alice248smith,password8875,alice248smith password8875
bob239brown,letmein6986,bob239brown letmein6986
jane450taylor,admin3438,jane450taylor admin3438
alice441anderson,letmein6479,alice441anderson letmein6479
ryan260lee,abc7659,ryan260lee abc7659
david520taylor,admin9698,david520taylor admin9698
michael947thomas,78909441,michael947thomas 78909441
john680wilson,secure3397,john680wilson secure3397
alice644anderson,12344471,alice644anderson 12344471
john380lee,letmein9462,john380lee letmein9462
linda277lee,12349785,linda277lee 12349785
bob550thomas,78907537,bob550thomas 78907537
charlie745wilson,pass403,charlie745wilson pass403
charlie166lee,12345704,charlie166lee 12345704
charlie861doe,admin3741,charlie861doe admin3741
john450martin,secure293,john450martin secure293
emma869wilson,1233095,emma869wilson 1233095
john114doe,qwerty3777,john114doe qwerty3777
alice705martin,abc6333,alice705martin abc6333
bob778jackson,password5947,bob778jackson password5947
michael233thomas,pass8887,michael233thomas pass8887
charlie276smith,12341518,charlie276smith 12341518
michael528taylor,letmein2279,michael528taylor letmein2279
linda669wilson,abc258,linda669wilson abc258
linda464martin,12347119,linda464martin 12347119
david240wilson,letmein2894,david240wilson letmein2894
bob231brown,1239876,bob231brown 1239876
charlie473wilson,1238762,charlie473wilson 1238762
emma402taylor,password6282,emma402taylor password6282
alice292brown,1231396,alice292brown 1231396
alice832anderson,password5745,alice832anderson password5745
charlie296taylor,1239291,charlie296taylor 1239291
john187lee,abc3460,john187lee abc3460
john140wilson,abc9215,john140wilson abc9215
jane855lee,qwerty7661,jane855lee qwerty7661
charlie442wilson,qwerty935,charlie442wilson qwerty935
alice155thomas,78907696,alice155thomas 78907696
jane969martin,secure1763,jane969martin secure1763
jane827jackson,qwerty7475,jane827jackson qwerty7475
alice847jackson,admin8204,alice847jackson admin8204
david318thomas,admin8484,david318thomas admin8484
ryan336jackson,password1688,ryan336jackson password1688
emma824anderson,1234186,emma824anderson 1234186
michael52brown,secure2636,michael52brown secure2636
bob149doe,pass4933,bob149doe pass4933
charlie306martin,78906253,charlie306martin 78906253
michael533doe,7890143,michael533doe 7890143
charlie162martin,secure5006,charlie162martin secure5006
charlie453jackson,letmein4343,charlie453jackson letmein4343
bob66wilson,abc1414,bob66wilson abc1414
michael912smith,secure1015,michael912smith secure1015
ryan77anderson,pass2546,ryan77anderson pass2546
michael247brown,12345971,michael247brown 12345971
emma587thomas,letmein6971,emma587thomas letmein6971
jane526lee,secure9115,jane526lee secure9115
bob949lee,1237882,bob949lee 1237882
alice81smith,secure7715,alice81smith secure7715
charlie723jackson,12343900,charlie723jackson 12343900
david182lee,password5391,david182lee password5391
david123thomas,password3255,david123thomas password3255
alice655brown,letmein7092,alice655brown letmein7092
david925wilson,abc8010,david925wilson abc8010
david877smith,12343587,david877smith 12343587
bob469martin,7890727,bob469martin 7890727
david591doe,admin9933,david591doe admin9933
linda590smith,secure8368,linda590smith secure8368
john232thomas,letmein6106,john232thomas letmein6106
ryan350brown,password7227,ryan350brown password7227
alice8jackson,1235294,alice8jackson 1235294
ryan590martin,qwerty542,ryan590martin qwerty542
john170thomas,abc8533,john170thomas abc8533
alice416martin,admin9643,alice416martin admin9643
michael135jackson,admin2024,michael135jackson admin2024
david590brown,abc4239,david590brown abc4239
alice399brown,abc3765,alice399brown abc3765
michael501anderson,123904,michael501anderson 123904
michael599smith,abc7459,michael599smith abc7459
charlie722anderson,qwerty1767,charlie722anderson qwerty1767
charlie5wilson,pass8269,charlie5wilson pass8269
bob803smith,abc6440,bob803smith abc6440
alice866brown,password7829,alice866brown password7829
emma512martin,admin6045,emma512martin admin6045
john818lee,secure8874,john818lee secure8874
alice181martin,password6675,alice181martin password6675
charlie101lee,admin5645,charlie101lee admin5645
charlie829anderson,pass8997,charlie829anderson pass8997
linda811doe,12342253,linda811doe 12342253
david279brown,78905754,david279brown 78905754
david842jackson,12348509,david842jackson 12348509
jane257thomas,admin1382,jane257thomas admin1382
michael716lee,password9700,michael716lee password9700
ryan43brown,abc4696,ryan43brown abc4696
bob396doe,1232112,bob396doe 1232112
alice573jackson,78906539,alice573jackson 78906539
linda988thomas,12346585,linda988thomas 12346585
bob891wilson,letmein3777,bob891wilson letmein3777
ryan808wilson,admin2312,ryan808wilson admin2312
alice537lee,password33,alice537lee password33
jane221smith,78909603,jane221smith 78909603
michael611jackson,abc9994,michael611jackson abc9994
emma652martin,secure3507,emma652martin secure3507
michael501anderson,letmein476,michael501anderson letmein476
michael63wilson,password5529,michael63wilson password5529
john428doe,pass8782,john428doe pass8782
alice279lee,admin5058,alice279lee admin5058
emma361martin,password6156,emma361martin password6156
emma692anderson,qwerty6665,emma692anderson qwerty6665
jane936lee,admin3168,jane936lee admin3168
linda24jackson,pass5613,linda24jackson pass5613
john378taylor,secure7997,john378taylor secure7997
linda474lee,admin472,linda474lee admin472
jane445martin,password6686,jane445martin password6686
bob373martin,abc1153,bob373martin abc1153
emma805jackson,pass7738,emma805jackson pass7738
john369brown,password4137,john369brown password4137
ryan900lee,abc2209,ryan900lee abc2209
alice16smith,secure5193,alice16smith secure5193
john257thomas,12341975,john257thomas 12341975
bob102jackson,12349989,bob102jackson 12349989
jane768smith,letmein8069,jane768smith letmein8069
jane943martin,pass2020,jane943martin pass2020
ryan313brown,letmein7314,ryan313brown letmein7314
linda600taylor,letmein7587,linda600taylor letmein7587
alice920lee,letmein3891,alice920lee letmein3891
jane648martin,secure9365,jane648martin secure9365
linda178smith,letmein4411,linda178smith letmein4411
emma821thomas,admin3926,emma821thomas admin3926
linda379lee,12341689,linda379lee 12341689
emma597thomas,admin6830,emma597thomas admin6830
emma552doe,78909045,emma552doe 78909045
linda475brown,1234624,linda475brown 1234624
jane106smith,7890914,jane106smith 7890914
charlie352brown,password2453,charlie352brown password2453
alice832doe,pass6705,alice832doe pass6705
michael490wilson,letmein9782,michael490wilson letmein9782
david233martin,abc3598,david233martin abc3598
john650brown,admin8714,john650brown admin8714
linda654thomas,12345500,linda654thomas 12345500
michael692wilson,1232833,michael692wilson 1232833
john774jackson,abc4036,john774jackson abc4036
jane8lee,abc1987,jane8lee abc1987
bob525taylor,password4297,bob525taylor password4297
bob773jackson,1234952,bob773jackson 1234952
john950thomas,password10,john950thomas password10
john277wilson,password9559,john277wilson password9559
emma531doe,secure3245,emma531doe secure3245
emma145thomas,secure1816,emma145thomas secure1816
michael511lee,pass91,michael511lee pass91
michael582taylor,78909112,michael582taylor 78909112
charlie77thomas,12348665,charlie77thomas 12348665
john863brown,secure644,john863brown secure644
emma10brown,78903473,emma10brown 78903473
charlie300brown,letmein7188,charlie300brown letmein7188
ryan957taylor,secure7556,ryan957taylor secure7556
ryan231thomas,pass1397,ryan231thomas pass1397
emma470wilson,1238037,emma470wilson 1238037
bob280lee,secure5857,bob280lee secure5857
linda467thomas,admin2277,linda467thomas admin2277
charlie693smith,qwerty9303,charlie693smith qwerty9303
alice60martin,pass275,alice60martin pass275
alice163wilson,78905606,alice163wilson 78905606
bob68doe,secure9133,bob68doe secure9133
ryan564smith,abc8662,ryan564smith abc8662
charlie600brown,12344220,charlie600brown 12344220
ryan499anderson,letmein7933,ryan499anderson letmein7933
michael55thomas,12344789,michael55thomas 12344789
david957wilson,78909368,david957wilson 78909368
bob525thomas,78907994,bob525thomas 78907994
michael183martin,abc4419,michael183martin abc4419
bob544anderson,78904703,bob544anderson 78904703
michael605taylor,12343802,michael605taylor 12343802
ryan336thomas,12343870,ryan336thomas 12343870
john474jackson,letmein1555,john474jackson letmein1555
jane299lee,secure1272,jane299lee secure1272
michael63wilson,12346824,michael63wilson 12346824
linda135brown,123891,linda135brown 123891
david971doe,78902261,david971doe 78902261
linda892jackson,secure1517,linda892jackson secure1517
bob61lee,letmein5724,bob61lee letmein5724
emma557jackson,password8167,emma557jackson password8167
charlie466smith,78907929,charlie466smith 78907929
bob203wilson,abc5850,bob203wilson abc5850
jane398smith,pass197,jane398smith pass197
emma207taylor,pass6998,emma207taylor pass6998
michael273thomas,letmein1759,michael273thomas letmein1759
jane841lee,1232089,jane841lee 1232089
emma330taylor,1234640,emma330taylor 1234640
ryan632taylor,78905716,ryan632taylor 78905716
emma132brown,qwerty4628,emma132brown qwerty4628
jane185taylor,abc199,jane185taylor abc199
emma421taylor,secure7597,emma421taylor secure7597
emma1wilson,password1857,emma1wilson password1857
alice379brown,password5701,alice379brown password5701
jane444brown,letmein2626,jane444brown letmein2626
ryan855lee,123901,ryan855lee 123901
jane716jackson,password4900,jane716jackson password4900
emma106thomas,pass4926,emma106thomas pass4926
linda86anderson,pass9410,linda86anderson pass9410
jane472doe,78904234,jane472doe 78904234
linda415lee,1233552,linda415lee 1233552
linda951anderson,admin769,linda951anderson admin769
emma59anderson,letmein6283,emma59anderson letmein6283
jane333thomas,secure5740,jane333thomas secure5740
david918smith,password4328,david918smith password4328
david760smith,admin4831,david760smith admin4831
bob970wilson,abc2670,bob970wilson abc2670
charlie533thomas,password1168,charlie533thomas password1168
linda695brown,secure5588,linda695brown secure5588
jane684doe,secure346,jane684doe secure346
ryan961taylor,letmein1246,ryan961taylor letmein1246
jane202martin,78901454,jane202martin 78901454
alice188doe,pass8541,alice188doe pass8541
linda240taylor,secure7103,linda240taylor secure7103
charlie172martin,78904860,charlie172martin 78904860
david129brown,password7249,david129brown password7249
ryan905wilson,abc7977,ryan905wilson abc7977
john552jackson,pass8318,john552jackson pass8318
bob664anderson,abc7926,bob664anderson abc7926
ryan834jackson,letmein7309,ryan834jackson letmein7309
alice928jackson,78906502,alice928jackson 78906502
ryan217wilson,1234893,ryan217wilson 1234893
michael476jackson,78908754,michael476jackson 78908754
jane953doe,78903598,jane953doe 78903598
alice834martin,qwerty7248,alice834martin qwerty7248
john193brown,secure250,john193brown secure250
john18smith,pass8180,john18smith pass8180
emma434lee,secure9102,emma434lee secure9102
michael482smith,12346795,michael482smith 12346795
linda688wilson,password2257,linda688wilson password2257
john992brown,12341751,john992brown 12341751
charlie395thomas,78908177,charlie395thomas 78908177
ryan672smith,secure5871,ryan672smith secure5871
bob941anderson,1236151,bob941anderson 1236151
jane626jackson,pass9150,jane626jackson pass9150
ryan255brown,letmein6477,ryan255brown letmein6477
jane446jackson,admin8051,jane446jackson admin8051
alice257smith,abc1442,alice257smith abc1442
linda933smith,password767,linda933smith password767
david515jackson,password7180,david515jackson password7180
emma92taylor,78909218,emma92taylor 78909218
john153anderson,78904930,john153anderson 78904930
john516lee,qwerty2789,john516lee qwerty2789
michael366smith,secure6837,michael366smith secure6837
bob875taylor,78903355,bob875taylor 78903355
john123jackson,1231442,john123jackson 1231442
linda765smith,secure5501,linda765smith secure5501
michael643smith,password7051,michael643smith password7051
david554lee,admin4214,david554lee admin4214
david505doe,password6466,david505doe password6466
michael108brown,78906669,michael108brown 78906669
jane495martin,abc8270,jane495martin abc8270
john425jackson,12342244,john425jackson 12342244
jane955brown,secure9805,jane955brown secure9805
ryan235smith,78904776,ryan235smith 78904776
charlie832doe,secure5242,charlie832doe secure5242
michael973anderson,1235512,michael973anderson 1235512
emma472brown,pass6424,emma472brown pass6424
alice272martin,qwerty8799,alice272martin qwerty8799
jane414taylor,qwerty6082,jane414taylor qwerty6082
john517taylor,pass4810,john517taylor pass4810
jane197lee,1231865,jane197lee 1231865
michael345wilson,12384,michael345wilson 12384
david287martin,password3361,david287martin password3361
charlie336lee,qwerty8836,charlie336lee qwerty8836
ryan645wilson,qwerty7044,ryan645wilson qwerty7044
emma232martin,secure2595,emma232martin secure2595
john658wilson,secure9379,john658wilson secure9379
ryan423martin,password2387,ryan423martin password2387
john356doe,78909694,john356doe 78909694
jane33thomas,password9379,jane33thomas password9379
jane835jackson,secure9602,jane835jackson secure9602
john935anderson,pass2727,john935anderson pass2727
charlie705doe,password1078,charlie705doe password1078
alice618martin,secure4414,alice618martin secure4414
charlie225brown,admin3618,charlie225brown admin3618
bob912lee,admin2830,bob912lee admin2830
linda574thomas,letmein136,linda574thomas letmein136
ryan958martin,secure7405,ryan958martin secure7405
linda350anderson,78909019,linda350anderson 78909019
emma62jackson,secure56,emma62jackson secure56
michael579brown,qwerty1106,michael579brown qwerty1106
john336thomas,password9202,john336thomas password9202
alice265brown,secure6211,alice265brown secure6211
ryan226anderson,abc6626,ryan226anderson abc6626
emma325doe,78904054,emma325doe 78904054
charlie573jackson,pass2892,charlie573jackson pass2892
bob347thomas,78903366,bob347thomas 78903366
michael184taylor,12341285,michael184taylor 12341285
david115brown,78908850,david115brown 78908850
charlie581lee,admin343,charlie581lee admin343
michael745anderson,7890820,michael745anderson 7890820
linda391doe,12343406,linda391doe 12343406
linda772jackson,secure718,linda772jackson secure718
ryan317wilson,78905307,ryan317wilson 78905307
ryan278brown,admin5202,ryan278brown admin5202
michael922anderson,pass8169,michael922anderson pass8169
jane645taylor,123780,jane645taylor 123780
alice377wilson,7890779,alice377wilson 7890779
alice167thomas,78905674,alice167thomas 78905674
david322smith,1236911,david322smith 1236911
emma126wilson,78905264,emma126wilson 78905264
john941doe,admin9704,john941doe admin9704
ryan815lee,password3420,ryan815lee password3420
charlie222jackson,secure4564,charlie222jackson secure4564
alice68doe,secure3610,alice68doe secure3610
bob751lee,admin8984,bob751lee admin8984
john512taylor,12348864,john512taylor 12348864
john682wilson,password6458,john682wilson password6458
linda415jackson,abc7026,linda415jackson abc7026
ryan910lee,pass2091,ryan910lee pass2091
david364lee,78907420,david364lee 78907420
ryan264wilson,admin4155,ryan264wilson admin4155
michael167brown,abc2019,michael167brown abc2019
david712martin,78906949,david712martin 78906949
bob971anderson,qwerty1862,bob971anderson qwerty1862
linda296wilson,pass7562,linda296wilson pass7562
bob832lee,1233619,bob832lee 1233619
charlie600brown,password4816,charlie600brown password4816
ryan458brown,78906541,ryan458brown 78906541
ryan366smith,78907014,ryan366smith 78907014
ryan479doe,qwerty4829,ryan479doe qwerty4829
ryan236thomas,abc4834,ryan236thomas abc4834
jane186taylor,secure633,jane186taylor secure633
david816martin,1232873,david816martin 1232873
alice719brown,1231753,alice719brown 1231753
ryan840anderson,letmein1741,ryan840anderson letmein1741
michael275anderson,12342640,michael275anderson 12342640
emma16jackson,abc4964,emma16jackson abc4964
emma790wilson,secure9859,emma790wilson secure9859
emma939jackson,password2082,emma939jackson password2082
michael463anderson,78907068,michael463anderson 78907068
bob242jackson,letmein2344,bob242jackson letmein2344
michael895taylor,pass4659,michael895taylor pass4659
alice140taylor,1233204,alice140taylor 1233204
alice49doe,secure6276,alice49doe secure6276
bob617wilson,qwerty5691,bob617wilson qwerty5691
david169taylor,qwerty5034,david169taylor qwerty5034
emma786martin,admin2698,emma786martin admin2698
alice59brown,12346136,alice59brown 12346136
michael83taylor,admin7431,michael83taylor admin7431
linda854smith,7890284,linda854smith 7890284
alice610doe,pass5351,alice610doe pass5351
charlie220jackson,12344548,charlie220jackson 12344548
linda992thomas,1233527,linda992thomas 1233527
alice742martin,pass7935,alice742martin pass7935
alice512jackson,12346490,alice512jackson 12346490
alice25jackson,12343338,alice25jackson 12343338
alice672jackson,78903951,alice672jackson 78903951
bob721thomas,pass627,bob721thomas pass627
ryan581smith,1237818,ryan581smith 1237818
jane856jackson,qwerty5385,jane856jackson qwerty5385
linda155martin,abc2308,linda155martin abc2308
linda247lee,78907537,linda247lee 78907537
emma655thomas,1234358,emma655thomas 1234358
linda4brown,78909953,linda4brown 78909953
alice428anderson,secure6693,alice428anderson secure6693
ryan185lee,78908809,ryan185lee 78908809
david110jackson,12346481,david110jackson 12346481
michael761martin,12347673,michael761martin 12347673
jane276thomas,1239520,jane276thomas 1239520
charlie153wilson,qwerty9152,charlie153wilson qwerty9152
michael258taylor,12346934,michael258taylor 12346934
linda511lee,qwerty5176,linda511lee qwerty5176
alice323jackson,abc973,alice323jackson abc973
charlie984anderson,78905466,charlie984anderson 78905466
david880taylor,abc5832,david880taylor abc5832
ryan409brown,letmein212,ryan409brown letmein212
david346wilson,password6416,david346wilson password6416
jane778doe,12349123,jane778doe 12349123
charlie857wilson,password7437,charlie857wilson password7437
bob417jackson,admin4005,bob417jackson admin4005
jane377martin,admin102,jane377martin admin102
charlie607wilson,pass2923,charlie607wilson pass2923
linda751martin,admin6304,linda751martin admin6304
david307anderson,letmein1734,david307anderson letmein1734
ryan217martin,1232052,ryan217martin 1232052
john24brown,1239785,john24brown 1239785
charlie964lee,letmein8038,charlie964lee letmein8038
david382anderson,pass4425,david382anderson pass4425
alice751taylor,abc4283,alice751taylor abc4283
john644lee,secure5231,john644lee secure5231
bob167doe,qwerty4469,bob167doe qwerty4469
michael371taylor,qwerty1983,michael371taylor qwerty1983
linda632jackson,password7847,linda632jackson password7847
michael920smith,admin7425,michael920smith admin7425
david184doe,abc2229,david184doe abc2229
emma505jackson,password4839,emma505jackson password4839
david350doe,78907820,david350doe 78907820
ryan366thomas,admin8300,ryan366thomas admin8300
david776wilson,78902154,david776wilson 78902154
michael95doe,pass4641,michael95doe pass4641
jane75anderson,qwerty5248,jane75anderson qwerty5248
david959anderson,abc4561,david959anderson abc4561
emma208lee,abc8660,emma208lee abc8660
john245taylor,qwerty3095,john245taylor qwerty3095
jane131thomas,secure756,jane131thomas secure756
linda934thomas,abc1311,linda934thomas abc1311
bob654anderson,abc5022,bob654anderson abc5022
ryan567doe,abc4281,ryan567doe abc4281
emma470thomas,12345456,emma470thomas 12345456
linda789taylor,password8900,linda789taylor password8900
bob436taylor,admin3,bob436taylor admin3
david647wilson,pass3915,david647wilson pass3915
david819brown,1239909,david819brown 1239909
jane282jackson,7890952,jane282jackson 7890952
emma332lee,12344897,emma332lee 12344897
john425smith,qwerty2828,john425smith qwerty2828
alice98brown,pass1609,alice98brown pass1609
linda258wilson,78906740,linda258wilson 78906740
charlie826doe,1235505,charlie826doe 1235505
emma629thomas,12344276,emma629thomas 12344276
emma55smith,qwerty4706,emma55smith qwerty4706
jane55martin,12349659,jane55martin 12349659
david265wilson,12341241,david265wilson 12341241
emma417brown,1237750,emma417brown 1237750
emma418martin,admin1817,emma418martin admin1817
emma431brown,admin2222,emma431brown admin2222
charlie83taylor,password5765,charlie83taylor password5765
ryan183wilson,12343977,ryan183wilson 12343977
emma523thomas,abc7697,emma523thomas abc7697
linda280thomas,78901274,linda280thomas 78901274
emma122lee,78908550,emma122lee 78908550
john825martin,abc2202,john825martin abc2202
michael413taylor,admin9427,michael413taylor admin9427
david374lee,password3418,david374lee password3418
bob150smith,12345528,bob150smith 12345528
michael615thomas,abc6311,michael615thomas abc6311
michael463jackson,pass1069,michael463jackson pass1069
charlie428brown,admin9064,charlie428brown admin9064
david562smith,12349187,david562smith 12349187
linda229brown,qwerty4219,linda229brown qwerty4219
emma521thomas,letmein7511,emma521thomas letmein7511
michael588martin,1237013,michael588martin 1237013
ryan780brown,pass5630,ryan780brown pass5630
jane607jackson,qwerty7007,jane607jackson qwerty7007
alice202taylor,pass3341,alice202taylor pass3341
michael691anderson,qwerty4136,michael691anderson qwerty4136
linda221brown,1231467,linda221brown 1231467
emma348brown,qwerty1747,emma348brown qwerty1747
david161smith,admin3665,david161smith admin3665
michael7smith,letmein4037,michael7smith letmein4037
charlie968smith,secure4780,charlie968smith secure4780
john152smith,password966,john152smith password966
ryan221thomas,abc2773,ryan221thomas abc2773
emma1wilson,1231008,emma1wilson 1231008
emma283martin,1235258,emma283martin 1235258
ryan580anderson,abc3548,ryan580anderson abc3548
linda254smith,password2668,linda254smith password2668
linda684smith,1232236,linda684smith 1232236
john42thomas,78901969,john42thomas 78901969
ryan550wilson,pass7581,ryan550wilson pass7581
john41doe,secure5782,john41doe secure5782
alice40lee,12346314,alice40lee 12346314
michael886thomas,1235128,michael886thomas 1235128
emma398anderson,admin1838,emma398anderson admin1838
charlie102thomas,admin8128,charlie102thomas admin8128
michael514lee,secure4539,michael514lee secure4539
john908jackson,78907927,john908jackson 78907927
charlie887smith,letmein3647,charlie887smith letmein3647
michael552doe,admin8881,michael552doe admin8881
jane918wilson,password8865,jane918wilson password8865
emma422lee,pass2344,emma422lee pass2344
alice942taylor,admin3303,alice942taylor admin3303
jane904smith,letmein5100,jane904smith letmein5100
jane1doe,12347211,jane1doe 12347211
ryan221taylor,12349368,ryan221taylor 12349368
david185lee,1239963,david185lee 1239963
jane265wilson,78903977,jane265wilson 78903977
linda17anderson,pass571,linda17anderson pass571
ryan592smith,letmein2806,ryan592smith letmein2806
charlie529wilson,78901570,charlie529wilson 78901570
michael698anderson,12355,michael698anderson 12355
charlie725doe,secure110,charlie725doe secure110
john772martin,1234667,john772martin 1234667
alice25wilson,123386,alice25wilson 123386
bob432doe,12341194,bob432doe 12341194
charlie865brown,12341052,charlie865brown 12341052
david566smith,1234800,david566smith 1234800
david675anderson,abc5017,david675anderson abc5017
linda609martin,abc6125,linda609martin abc6125
linda756wilson,secure5638,linda756wilson secure5638
ryan893wilson,letmein814,ryan893wilson letmein814
linda900wilson,1236137,linda900wilson 1236137
david459wilson,abc4164,david459wilson abc4164
alice224martin,qwerty688,alice224martin qwerty688
emma31smith,admin2400,emma31smith admin2400
david973lee,abc8780,david973lee abc8780
alice393lee,admin7558,alice393lee admin7558
john826wilson,qwerty5430,john826wilson qwerty5430
linda28martin,12344816,linda28martin 12344816
jane621anderson,pass6211,jane621anderson pass6211
michael300lee,letmein9746,michael300lee letmein9746
bob562brown,78904556,bob562brown 78904556
charlie414smith,admin398,charlie414smith admin398
linda381taylor,password4657,linda381taylor password4657
bob350jackson,pass8775,bob350jackson pass8775
david505martin,pass9484,david505martin pass9484
charlie976thomas,1237205,charlie976thomas 1237205
ryan978smith,12342846,ryan978smith 12342846
charlie779doe,secure5023,charlie779doe secure5023
ryan54thomas,1237507,ryan54thomas 1237507
jane626martin,qwerty9426,jane626martin qwerty9426
michael446lee,admin6184,michael446lee admin6184
david211wilson,1232587,david211wilson 1232587
alice823jackson,78907887,alice823jackson 78907887
michael26doe,admin1808,michael26doe admin1808
bob622martin,admin9272,bob622martin admin9272
charlie144martin,password972,charlie144martin password972
jane406smith,1235582,jane406smith 1235582
linda979lee,qwerty5770,linda979lee qwerty5770
jane778anderson,78904926,jane778anderson 78904926
jane150thomas,12343350,jane150thomas 12343350
jane892martin,letmein1813,jane892martin letmein1813
linda223anderson,password2131,linda223anderson password2131
charlie970lee,pass4374,charlie970lee pass4374
jane566taylor,letmein8583,jane566taylor letmein8583
michael922doe,12341130,michael922doe 12341130
michael779brown,12348723,michael779brown 12348723
charlie612wilson,secure5428,charlie612wilson secure5428
jane130taylor,letmein9910,jane130taylor letmein9910
alice294taylor,qwerty1551,alice294taylor qwerty1551
linda490doe,abc6156,linda490doe abc6156
alice445wilson,secure8136,alice445wilson secure8136
alice851anderson,password8751,alice851anderson password8751
john580smith,password4305,john580smith password4305
charlie486martin,1235820,charlie486martin 1235820
ryan262taylor,letmein7618,ryan262taylor letmein7618
bob880wilson,1231511,bob880wilson 1231511
emma295lee,qwerty8615,emma295lee qwerty8615
bob424martin,qwerty9775,bob424martin qwerty9775
michael832smith,secure9457,michael832smith secure9457
charlie29smith,1236412,charlie29smith 1236412
john78anderson,password5180,john78anderson password5180
michael553anderson,letmein1714,michael553anderson letmein1714
david614jackson,qwerty7287,david614jackson qwerty7287
alice880anderson,abc1754,alice880anderson abc1754
alice730lee,78902041,alice730lee 78902041
bob485martin,secure7744,bob485martin secure7744
emma613brown,pass6446,emma613brown pass6446
david657anderson,abc6796,david657anderson abc6796
jane199doe,1235526,jane199doe 1235526
ryan349doe,7890255,ryan349doe 7890255
michael528doe,password9157,michael528doe password9157
charlie764thomas,1238901,charlie764thomas 1238901
bob996doe,letmein1735,bob996doe letmein1735
linda624jackson,7890269,linda624jackson 7890269
ryan863wilson,pass2503,ryan863wilson pass2503
bob691doe,78903447,bob691doe 78903447
emma477wilson,qwerty4901,emma477wilson qwerty4901
alice113thomas,letmein7345,alice113thomas letmein7345
michael252thomas,qwerty3099,michael252thomas qwerty3099
bob949lee,1234150,bob949lee 1234150
david598anderson,qwerty8860,david598anderson qwerty8860
michael559doe,pass7596,michael559doe pass7596
charlie282anderson,secure2739,charlie282anderson secure2739
michael446smith,1235538,michael446smith 1235538
john281smith,letmein2212,john281smith letmein2212
charlie690taylor,secure6319,charlie690taylor secure6319
alice511brown,letmein2930,alice511brown letmein2930
michael257jackson,letmein4877,michael257jackson letmein4877
michael489smith,pass1259,michael489smith pass1259
linda22doe,12346184,linda22doe 12346184
michael904smith,12344200,michael904smith 12344200
charlie553brown,qwerty6526,charlie553brown qwerty6526
michael674wilson,password4782,michael674wilson password4782
linda230doe,letmein9829,linda230doe letmein9829
emma863thomas,78905812,emma863thomas 78905812
david374martin,secure5597,david374martin secure5597
alice351taylor,admin1377,alice351taylor admin1377
ryan83wilson,7890667,ryan83wilson 7890667
david476taylor,qwerty8544,david476taylor qwerty8544
emma83thomas,letmein5109,emma83thomas letmein5109
emma246lee,12349418,emma246lee 12349418
michael565smith,12343577,michael565smith 12343577
david158wilson,secure4296,david158wilson secure4296
jane309wilson,1237075,jane309wilson 1237075
michael258thomas,1237616,michael258thomas 1237616
emma739taylor,letmein657,emma739taylor letmein657
emma549lee,12343570,emma549lee 12343570
bob149wilson,admin2487,bob149wilson admin2487
emma836smith,admin5509,emma836smith admin5509
emma550jackson,abc6702,emma550jackson abc6702
charlie983jackson,abc3046,charlie983jackson abc3046
emma119doe,secure7182,emma119doe secure7182
jane729lee,letmein6674,jane729lee letmein6674
linda826thomas,pass4341,linda826thomas pass4341
linda460doe,78909345,linda460doe 78909345
michael345taylor,pass8463,michael345taylor pass8463
emma846smith,secure5178,emma846smith secure5178
charlie217taylor,letmein7711,charlie217taylor letmein7711
david58anderson,letmein4507,david58anderson letmein4507
linda669taylor,abc7630,linda669taylor abc7630
david545smith,abc1169,david545smith abc1169
michael485doe,secure4125,michael485doe secure4125
linda488martin,12347741,linda488martin 12347741
michael769jackson,123937,michael769jackson 123937
john928doe,letmein907,john928doe letmein907
michael663doe,qwerty5875,michael663doe qwerty5875
ryan224martin,abc2336,ryan224martin abc2336
john957smith,qwerty9999,john957smith qwerty9999
linda419martin,12349062,linda419martin 12349062
linda649smith,letmein9,linda649smith letmein9
linda782taylor,abc9353,linda782taylor abc9353
jane799jackson,qwerty6046,jane799jackson qwerty6046
charlie584martin,pass2672,charlie584martin pass2672
michael920taylor,letmein9866,michael920taylor letmein9866
linda93jackson,admin2814,linda93jackson admin2814
ryan45thomas,abc7587,ryan45thomas abc7587
jane282lee,123974,jane282lee 123974
jane650martin,secure2295,jane650martin secure2295
charlie468taylor,secure1921,charlie468taylor secure1921
bob460anderson,admin1736,bob460anderson admin1736
jane498anderson,admin4311,jane498anderson admin4311
bob115thomas,abc7708,bob115thomas abc7708
jane933thomas,12342108,jane933thomas 12342108
bob798lee,1231729,bob798lee 1231729
jane489wilson,qwerty6950,jane489wilson qwerty6950
bob831wilson,1238413,bob831wilson 1238413
linda374thomas,12344788,linda374thomas 12344788
charlie66wilson,pass8569,charlie66wilson pass8569
bob152anderson,1233517,bob152anderson 1233517
emma734jackson,secure342,emma734jackson secure342
emma278brown,1232391,emma278brown 1232391
david210thomas,admin7510,david210thomas admin7510
jane102wilson,admin6045,jane102wilson admin6045
michael547thomas,password4034,michael547thomas password4034
alice58smith,letmein2538,alice58smith letmein2538
alice883martin,12345,alice883martin 12345
jane584martin,letmein2779,jane584martin letmein2779
john524thomas,admin8621,john524thomas admin8621
linda934doe,admin5667,linda934doe admin5667
charlie737wilson,pass4697,charlie737wilson pass4697
john798jackson,admin2839,john798jackson admin2839
linda667martin,admin3345,linda667martin admin3345
michael878smith,78907064,michael878smith 78907064
david549jackson,password8639,david549jackson password8639
linda825wilson,78902766,linda825wilson 78902766
jane526wilson,abc1973,jane526wilson abc1973
alice382martin,1234009,alice382martin 1234009
charlie708smith,secure7402,charlie708smith secure7402
alice246lee,secure3031,alice246lee secure3031
charlie784brown,12342085,charlie784brown 12342085
ryan948smith,12343811,ryan948smith 12343811
david344anderson,abc459,david344anderson abc459
ryan167brown,1239018,ryan167brown 1239018
jane548smith,secure7354,jane548smith secure7354
john372thomas,12349551,john372thomas 12349551
michael68thomas,secure2558,michael68thomas secure2558
jane279taylor,pass6858,jane279taylor pass6858
ryan848martin,admin272,ryan848martin admin272
charlie831taylor,letmein442,charlie831taylor letmein442
charlie741doe,abc4974,charlie741doe abc4974
emma651thomas,12347054,emma651thomas 12347054
ryan590lee,1238145,ryan590lee 1238145
michael679taylor,1234777,michael679taylor 1234777
jane234lee,1234809,jane234lee 1234809
alice346doe,letmein1210,alice346doe letmein1210
john627taylor,78908357,john627taylor 78908357
charlie895smith,qwerty6328,charlie895smith qwerty6328
bob572martin,secure382,bob572martin secure382
david476anderson,qwerty1340,david476anderson qwerty1340
charlie298smith,letmein8736,charlie298smith letmein8736
michael313martin,pass3593,michael313martin pass3593
bob733brown,abc4358,bob733brown abc4358
jane281brown,admin5926,jane281brown admin5926
linda517doe,letmein5677,linda517doe letmein5677
bob190jackson,admin8124,bob190jackson admin8124
ryan479martin,1237764,ryan479martin 1237764
emma583wilson,password7310,emma583wilson password7310
charlie419smith,letmein8814,charlie419smith letmein8814
alice220thomas,password8578,alice220thomas password8578
jane553martin,letmein3867,jane553martin letmein3867
alice789brown,secure3164,alice789brown secure3164
emma129anderson,letmein3556,emma129anderson letmein3556
bob2smith,pass7181,bob2smith pass7181
ryan221taylor,letmein5256,ryan221taylor letmein5256
linda688jackson,admin3353,linda688jackson admin3353
charlie953smith,12346994,charlie953smith 12346994
alice327martin,1234465,alice327martin 1234465
michael886doe,1233787,michael886doe 1233787
bob674doe,secure5972,bob674doe secure5972
ryan200jackson,letmein9767,ryan200jackson letmein9767
charlie478smith,letmein3332,charlie478smith letmein3332
emma398brown,1237783,emma398brown 1237783
linda922thomas,1232750,linda922thomas 1232750
bob316lee,1236130,bob316lee 1236130
charlie260lee,1238482,charlie260lee 1238482
emma871lee,admin4241,emma871lee admin4241
john52thomas,12343037,john52thomas 12343037
john351martin,123737,john351martin 123737
charlie175taylor,admin8767,charlie175taylor admin8767
bob845thomas,admin330,bob845thomas admin330
linda588lee,abc4849,linda588lee abc4849
emma843wilson,78907685,emma843wilson 78907685
alice341brown,pass1612,alice341brown pass1612
charlie927martin,secure6483,charlie927martin secure6483
john421thomas,12344307,john421thomas 12344307
jane855wilson,12344719,jane855wilson 12344719
michael346martin,abc2548,michael346martin abc2548
alice669taylor,1235260,alice669taylor 1235260
john820anderson,letmein3330,john820anderson letmein3330
ryan869doe,pass6311,ryan869doe pass6311
alice405brown,secure2442,alice405brown secure2442
jane638wilson,password5391,jane638wilson password5391
alice909martin,pass332,alice909martin pass332
david615martin,password3237,david615martin password3237
john552jackson,abc4597,john552jackson abc4597
john290thomas,password2830,john290thomas password2830
charlie120taylor,12343476,charlie120taylor 12343476
alice899lee,pass8545,alice899lee pass8545
john352smith,letmein9056,john352smith letmein9056
ryan196jackson,password8005,ryan196jackson password8005
emma416wilson,1238907,emma416wilson 1238907
charlie601brown,pass2503,charlie601brown pass2503
david191lee,12341844,david191lee 12341844
john771jackson,12344736,john771jackson 12344736
michael251doe,1237803,michael251doe 1237803
ryan514smith,1233650,ryan514smith 1233650
bob294jackson,78902751,bob294jackson 78902751
charlie720thomas,abc2618,charlie720thomas abc2618
charlie475smith,admin7114,charlie475smith admin7114
jane104thomas,78909098,jane104thomas 78909098
linda437smith,qwerty1204,linda437smith qwerty1204
alice875martin,secure7689,alice875martin secure7689
david992smith,78903019,david992smith 78903019
ryan700smith,password4174,ryan700smith password4174
bob567brown,pass6532,bob567brown pass6532
michael346smith,pass2651,michael346smith pass2651
john215wilson,78909763,john215wilson 78909763
john888wilson,secure4181,john888wilson secure4181
alice576brown,pass4811,alice576brown pass4811
ryan944thomas,qwerty28,ryan944thomas qwerty28
david478brown,pass700,david478brown pass700
alice263smith,letmein7515,alice263smith letmein7515
jane769taylor,1234027,jane769taylor 1234027
john318wilson,letmein9705,john318wilson letmein9705
michael213anderson,abc3756,michael213anderson abc3756
jane776smith,12346618,jane776smith 12346618
david568taylor,admin2107,david568taylor admin2107
alice41anderson,78904736,alice41anderson 78904736
linda571thomas,7890720,linda571thomas 7890720
jane877taylor,password4049,jane877taylor password4049
linda73doe,secure4802,linda73doe secure4802
charlie878thomas,1237504,charlie878thomas 1237504
jane617jackson,password5847,jane617jackson password5847
john592smith,letmein8159,john592smith letmein8159
charlie612wilson,1239666,charlie612wilson 1239666
charlie883smith,letmein1743,charlie883smith letmein1743
charlie314lee,12345540,charlie314lee 12345540
michael448lee,qwerty9946,michael448lee qwerty9946
charlie378smith,78904674,charlie378smith 78904674
jane596smith,pass9521,jane596smith pass9521
charlie531smith,pass4156,charlie531smith pass4156
michael685lee,78904627,michael685lee 78904627
john10brown,letmein9599,john10brown letmein9599
charlie790anderson,letmein942,charlie790anderson letmein942
david902anderson,qwerty5239,david902anderson qwerty5239
david722jackson,78907495,david722jackson 78907495
michael296jackson,password5316,michael296jackson password5316
michael218lee,secure6123,michael218lee secure6123
ryan857smith,qwerty5026,ryan857smith qwerty5026
linda373doe,qwerty4351,linda373doe qwerty4351
john482brown,qwerty4949,john482brown qwerty4949
john214anderson,letmein8983,john214anderson letmein8983
jane711jackson,12341253,jane711jackson 12341253
bob492lee,admin8049,bob492lee admin8049
emma503thomas,qwerty9084,emma503thomas qwerty9084
charlie902smith,qwerty3429,charlie902smith qwerty3429
bob909martin,password9818,bob909martin password9818
bob965doe,admin93,bob965doe admin93
emma550smith,12342047,emma550smith 12342047
john655brown,admin5395,john655brown admin5395
alice265martin,12345057,alice265martin 12345057
alice738anderson,78901352,alice738anderson 78901352
michael417anderson,admin2441,michael417anderson admin2441
ryan874martin,1234337,ryan874martin 1234337
ryan507martin,1232015,ryan507martin 1232015
linda395jackson,secure1341,linda395jackson secure1341
linda514thomas,admin712,linda514thomas admin712
michael60doe,abc2075,michael60doe abc2075
charlie170doe,abc4564,charlie170doe abc4564
john39brown,admin2670,john39brown admin2670
ryan568doe,qwerty5287,ryan568doe qwerty5287
michael622anderson,abc9889,michael622anderson abc9889
linda921lee,qwerty6055,linda921lee qwerty6055
michael473martin,secure4738,michael473martin secure4738
charlie292smith,12342107,charlie292smith 12342107
john855taylor,123932,john855taylor 123932
charlie645thomas,abc3240,charlie645thomas abc3240
ryan861brown,78902674,ryan861brown 78902674
jane126anderson,abc9647,jane126anderson abc9647
john470wilson,12343982,john470wilson 12343982
ryan601brown,letmein5078,ryan601brown letmein5078
linda376lee,qwerty1592,linda376lee qwerty1592
emma215doe,letmein7400,emma215doe letmein7400
david802smith,1234572,david802smith 1234572
linda188lee,admin6717,linda188lee admin6717
emma291wilson,abc7594,emma291wilson abc7594
david612anderson,78904059,david612anderson 78904059
emma373thomas,qwerty80,emma373thomas qwerty80
linda94martin,abc1209,linda94martin abc1209
michael240martin,78904096,michael240martin 78904096
michael14wilson,pass4109,michael14wilson pass4109
emma405smith,admin8728,emma405smith admin8728
charlie617brown,secure2884,charlie617brown secure2884
john562taylor,pass7448,john562taylor pass7448
david525wilson,password6708,david525wilson password6708
ryan319smith,letmein8964,ryan319smith letmein8964
linda718smith,pass5265,linda718smith pass5265
john802martin,1233615,john802martin 1233615
david840smith,password6601,david840smith password6601
jane590lee,abc1967,jane590lee abc1967
jane699brown,qwerty8026,jane699brown qwerty8026
emma645lee,password7335,emma645lee password7335
emma759anderson,78906089,emma759anderson 78906089
bob790martin,abc3848,bob790martin abc3848
michael241anderson,password381,michael241anderson password381
emma117jackson,password8050,emma117jackson password8050
alice469martin,pass8440,alice469martin pass8440
bob260doe,secure4072,bob260doe secure4072
emma29anderson,qwerty7542,emma29anderson qwerty7542
charlie267brown,letmein678,charlie267brown letmein678
michael974anderson,admin2206,michael974anderson admin2206
charlie980smith,letmein7741,charlie980smith letmein7741
bob442thomas,12349120,bob442thomas 12349120
charlie109anderson,qwerty4623,charlie109anderson qwerty4623
david369doe,12344064,david369doe 12344064
michael496brown,password2671,michael496brown password2671
david447smith,secure1571,david447smith secure1571
john176lee,password1299,john176lee password1299
david825lee,pass1839,david825lee pass1839
michael874thomas,password206,michael874thomas password206
david928thomas,letmein2758,david928thomas letmein2758
michael511martin,1239117,michael511martin 1239117
david685jackson,letmein2946,david685jackson letmein2946
john268lee,1238089,john268lee 1238089
emma854thomas,1236540,emma854thomas 1236540
michael252taylor,admin3021,michael252taylor admin3021
emma762jackson,12346806,emma762jackson 12346806
bob604brown,12344087,bob604brown 12344087
charlie174doe,pass4540,charlie174doe pass4540
ryan987wilson,qwerty6454,ryan987wilson qwerty6454
michael199anderson,letmein7797,michael199anderson letmein7797
ryan829wilson,12348096,ryan829wilson 12348096
jane560thomas,78904489,jane560thomas 78904489
alice910anderson,abc314,alice910anderson abc314
bob726lee,pass8604,bob726lee pass8604
charlie627doe,123136,charlie627doe 123136
charlie888thomas,qwerty4692,charlie888thomas qwerty4692
michael776lee,pass5503,michael776lee pass5503
jane463anderson,qwerty9446,jane463anderson qwerty9446
david167martin,qwerty6281,david167martin qwerty6281
ryan22lee,password413,ryan22lee password413
david92wilson,78908158,david92wilson 78908158
david849smith,78901999,david849smith 78901999
alice681lee,abc765,alice681lee abc765
charlie226smith,pass1975,charlie226smith pass1975
john145jackson,1233194,john145jackson 1233194
michael784martin,password320,michael784martin password320
jane902martin,password5453,jane902martin password5453
bob422doe,letmein2849,bob422doe letmein2849
linda465anderson,secure4878,linda465anderson secure4878
david630smith,abc5869,david630smith abc5869
bob2doe,1232471,bob2doe 1232471
david486thomas,7890821,david486thomas 7890821
emma851taylor,7890525,emma851taylor 7890525
david765taylor,78904268,david765taylor 78904268
bob432lee,password603,bob432lee password603
linda741anderson,1233795,linda741anderson 1233795
linda333jackson,admin7771,linda333jackson admin7771
linda394lee,1236013,linda394lee 1236013
ryan772wilson,pass4539,ryan772wilson pass4539
bob425anderson,secure2114,bob425anderson secure2114
john40wilson,12349887,john40wilson 12349887
john147wilson,abc3589,john147wilson abc3589
emma272brown,admin6766,emma272brown admin6766
david34brown,letmein9984,david34brown letmein9984
linda729wilson,admin2036,linda729wilson admin2036
linda29taylor,pass6937,linda29taylor pass6937
david28martin,password9290,david28martin password9290
ryan453wilson,letmein3092,ryan453wilson letmein3092
emma415anderson,12396,emma415anderson 12396
alice184wilson,12348356,alice184wilson 12348356
linda797lee,letmein6870,linda797lee letmein6870
bob669anderson,password7676,bob669anderson password7676
bob710wilson,password1375,bob710wilson password1375
ryan896taylor,abc457,ryan896taylor abc457
charlie285taylor,12347063,charlie285taylor 12347063
charlie773taylor,78907692,charlie773taylor 78907692
alice657lee,letmein1358,alice657lee letmein1358
david275lee,1238048,david275lee 1238048
charlie119lee,qwerty8466,charlie119lee qwerty8466
linda256smith,1232536,linda256smith 1232536
linda62jackson,admin7399,linda62jackson admin7399
john999martin,1234381,john999martin 1234381
david503lee,admin7238,david503lee admin7238
charlie918thomas,abc3201,charlie918thomas abc3201
michael924anderson,secure5258,michael924anderson secure5258
john451taylor,12342101,john451taylor 12342101
linda304thomas,pass5503,linda304thomas pass5503
emma698martin,abc4313,emma698martin abc4313
ryan686taylor,letmein2255,ryan686taylor letmein2255
michael763doe,1238658,michael763doe 1238658
linda952lee,password3859,linda952lee password3859
jane586smith,1235896,jane586smith 1235896
michael307thomas,letmein412,michael307thomas letmein412
john667doe,7890542,john667doe 7890542
alice640jackson,letmein4936,alice640jackson letmein4936
linda747anderson,abc1557,linda747anderson abc1557
ryan893brown,abc1332,ryan893brown abc1332
linda622taylor,1235228,linda622taylor 1235228
bob60jackson,12342208,bob60jackson 12342208
bob968martin,secure1199,bob968martin secure1199
john124taylor,admin6418,john124taylor admin6418
linda264brown,78908348,linda264brown 78908348
charlie105lee,12346170,charlie105lee 12346170
alice702thomas,78902994,alice702thomas 78902994
emma708thomas,1232056,emma708thomas 1232056
alice804lee,password5113,alice804lee password5113
david621doe,78907765,david621doe 78907765
john53smith,pass5274,john53smith pass5274
ryan26lee,pass6552,ryan26lee pass6552
bob41jackson,abc844,bob41jackson abc844
david326wilson,pass7206,david326wilson pass7206
emma597smith,secure3692,emma597smith secure3692
john908smith,12343316,john908smith 12343316
david248taylor,password4265,david248taylor password4265
bob711smith,1236461,bob711smith 1236461
ryan509wilson,12342085,ryan509wilson 12342085
charlie104taylor,1239571,charlie104taylor 1239571
linda933jackson,qwerty7264,linda933jackson qwerty7264
bob569jackson,admin8941,bob569jackson admin8941
emma356thomas,qwerty7257,emma356thomas qwerty7257
bob135martin,abc203,bob135martin abc203
linda549taylor,qwerty5280,linda549taylor qwerty5280
ryan109martin,qwerty6132,ryan109martin qwerty6132
john361lee,pass4134,john361lee pass4134
bob512taylor,1237376,bob512taylor 1237376
